{"train/total_loss": 5.425607681274414, "train/iou_loss": 1.5496876239776611, "train/l1_loss": 0.0, "train/conf_loss": 2.23207950592041, "train/cls_loss": 1.6438407897949219, "train/lr": 0.002487669562566682, "train/step": 403, "_timestamp": 1669171248.1706626, "_runtime": 115.41715168952942, "_step": 39, "_wandb": {"runtime": 117}}