{"train/total_loss": 1.5127472877502441, "train/iou_loss": 0.7540595531463623, "train/l1_loss": 0.0, "train/conf_loss": 0.39994996786117554, "train/cls_loss": 0.3587377369403839, "train/lr": 0.0001302388667254183, "train/step": 22129, "_timestamp": 1669691851.9438682, "_runtime": 4356.491083145142, "_step": 2222, "val/COCOAP50": 0.9104713468333125, "val/COCOAP50_95": 0.7794290451482577, "train/epoch": 250, "val_results/result_table": {"_type": "table-file", "sha256": "f3adaebdf0fbf65522bfebf609b42148b2cb2497df6d2a31174f204d0b20ae45", "size": 109670, "artifact_path": "wandb-client-artifact://14s2rh67nkh6bc046hda8jzhr9lx43q3u0ex2cy9ytzbiw46jw2edp61p9ql821k8ob10o8y1st6uigkz8g686wnbs4j4201ygnj6j36a0thb6zpto244326ffggge2j:latest/val_results/result_table.table.json", "_latest_artifact_path": "wandb-client-artifact://14s2rh67nkh6bc046hda8jzhr9lx43q3u0ex2cy9ytzbiw46jw2edp61p9ql821k8ob10o8y1st6uigkz8g686wnbs4j4201ygnj6j36a0thb6zpto244326ffggge2j:latest/val_results/result_table.table.json", "path": "media/table/val_results/result_table_2009_f3adaebdf0fbf65522bf.table.json", "ncols": 67, "nrows": 100}}