{"train/total_loss": 0.49993225932121277, "train/iou_loss": 0.20503364503383636, "train/l1_loss": 0.10519825667142868, "train/conf_loss": 0.08857383579015732, "train/cls_loss": 0.1011265218257904, "train/lr": 0.000125, "train/step": 79999, "_timestamp": 1669296752.4041834, "_runtime": 15297.14055633545, "_step": 8049, "val/COCOAP50": 0.9574959623621937, "val/COCOAP50_95": 0.8941731963937568, "train/epoch": 1000, "val_results/result_table": {"_type": "table-file", "sha256": "a2311cdaa571185b16e20a90010790b0b4a828d0298cddb6799f132f78197200", "size": 89525, "artifact_path": "wandb-client-artifact://evgod5ux2yq1oajlv2fcbd597yhcs3zo8y855kwz1ibvsf036mgp93ksa4b80ltr7i1to7zdtuyugrf0un4e81rr7la6c1d3gd9ywaq0cgxk5htg6jhamye0bcq70efv:latest/val_results/result_table.table.json", "_latest_artifact_path": "wandb-client-artifact://evgod5ux2yq1oajlv2fcbd597yhcs3zo8y855kwz1ibvsf036mgp93ksa4b80ltr7i1to7zdtuyugrf0un4e81rr7la6c1d3gd9ywaq0cgxk5htg6jhamye0bcq70efv:latest/val_results/result_table.table.json", "path": "media/table/val_results/result_table_8049_a2311cdaa571185b16e2.table.json", "ncols": 67, "nrows": 100}, "_wandb": {"runtime": 15296}}