{"train/total_loss": 4.983318328857422, "train/iou_loss": 1.5841264724731445, "train/l1_loss": 0.0, "train/conf_loss": 1.9747577905654907, "train/cls_loss": 1.4244343042373657, "train/lr": 0.002487669562566682, "train/step": 403, "_timestamp": 1669189459.0437553, "_runtime": 107.83175921440125, "_step": 39, "_wandb": {"runtime": 108}}