{"train/total_loss": 2.8465332984924316, "train/iou_loss": 1.274014949798584, "train/l1_loss": 0.0, "train/conf_loss": 0.9183745980262756, "train/cls_loss": 0.654143750667572, "train/lr": 0.002477294700266326, "train/step": 808, "_timestamp": 1669253075.5540621, "_runtime": 207.02261424064636, "_step": 81, "val/COCOAP50": 0.15159990706747306, "val/COCOAP50_95": 0.09424678238702498, "train/epoch": 5, "val_results/result_table": {"_type": "table-file", "sha256": "b3f2b4d6420b355ff20a10ca4bb73207921b655c77ee3777f2da7cad763a6f9e", "size": 125516, "artifact_path": "wandb-client-artifact://7pcseoy4ubgh592jc45484652wah8i6dn15qq8lhvqg40p3usfdvvy1h5memya5c0ahxmuwepiucgs2revwoesgu8s1nrf1aroacilsvm5oygdncoxblxes7u4htnqkm:latest/val_results/result_table.table.json", "_latest_artifact_path": "wandb-client-artifact://7pcseoy4ubgh592jc45484652wah8i6dn15qq8lhvqg40p3usfdvvy1h5memya5c0ahxmuwepiucgs2revwoesgu8s1nrf1aroacilsvm5oygdncoxblxes7u4htnqkm:latest/val_results/result_table.table.json", "path": "media/table/val_results/result_table_41_b3f2b4d6420b355ff20a.table.json", "ncols": 65, "nrows": 100}, "_wandb": {"runtime": 207}}