{"train/total_loss": 3.6698074340820312, "train/iou_loss": 1.3417600393295288, "train/l1_loss": 0.0, "train/conf_loss": 1.6443840265274048, "train/cls_loss": 0.6836633086204529, "train/lr": 0.002477294700266326, "train/step": 808, "_timestamp": 1669270921.3750918, "_runtime": 202.49570083618164, "_step": 81, "val/COCOAP50": 0.15916841111085464, "val/COCOAP50_95": 0.07645699203633052, "train/epoch": 5, "val_results/result_table": {"_type": "table-file", "sha256": "7139fe957bb545f22c76ba5ad7d2928923dfb8cea3304b5f9e9cbac483de6426", "size": 112892, "artifact_path": "wandb-client-artifact://19rfbt94trgts048dbnp8e6phdpegu2kui2fo297arojd5qqiff7rwt4vb3t1m3kkrgdvtd313gfvjqo4ovhm64yx1kgeuelejq0x8ui4saj15yoxp5y0yep9gz6oaoj:latest/val_results/result_table.table.json", "_latest_artifact_path": "wandb-client-artifact://19rfbt94trgts048dbnp8e6phdpegu2kui2fo297arojd5qqiff7rwt4vb3t1m3kkrgdvtd313gfvjqo4ovhm64yx1kgeuelejq0x8ui4saj15yoxp5y0yep9gz6oaoj:latest/val_results/result_table.table.json", "path": "media/table/val_results/result_table_41_7139fe957bb545f22c76.table.json", "ncols": 65, "nrows": 100}, "_wandb": {"runtime": 202}}