{"train/total_loss": 0.8030246496200562, "train/iou_loss": 0.34303322434425354, "train/l1_loss": 0.1714327484369278, "train/conf_loss": 0.1365119218826294, "train/cls_loss": 0.15204676985740662, "train/lr": 0.000125, "train/step": 7999, "_timestamp": 1669279283.1668952, "_runtime": 1685.1798832416534, "_step": 863, "val/COCOAP50": 0.9847026482022674, "val/COCOAP50_95": 0.9636787779369653, "train/epoch": 100, "val_results/result_table": {"_type": "table-file", "sha256": "89de01031a9806bc3085faaef1b41ff21e0b2521d3fb8e1963a9e9f1adb0f6a5", "size": 56337, "artifact_path": "wandb-client-artifact://faxfwppa5kd2m5fn0erqvqq5l9gxlgozarnxzicb7ft3mz1y2t3ih6qax4emwew219k7vbunvbjgwlx000yxfgcrlifwirmqk094kpnwmp4qxbi4t68c56zmw7iqcaik:latest/val_results/result_table.table.json", "_latest_artifact_path": "wandb-client-artifact://faxfwppa5kd2m5fn0erqvqq5l9gxlgozarnxzicb7ft3mz1y2t3ih6qax4emwew219k7vbunvbjgwlx000yxfgcrlifwirmqk094kpnwmp4qxbi4t68c56zmw7iqcaik:latest/val_results/result_table.table.json", "path": "media/table/val_results/result_table_863_89de01031a9806bc3085.table.json", "ncols": 67, "nrows": 100}, "_wandb": {"runtime": 1684}}