{"train/total_loss": 5.988555908203125, "train/iou_loss": 1.9364441633224487, "train/l1_loss": 0.0, "train/conf_loss": 1.9956104755401611, "train/cls_loss": 2.056501626968384, "train/lr": 0.00031230502262212176, "train/step": 3203, "_timestamp": 1669178421.8541353, "_runtime": 368.6433172225952, "_step": 319, "_wandb": {"runtime": 368}}