{"train/total_loss": 4.590954780578613, "train/iou_loss": 1.5441943407058716, "train/l1_loss": 0.0, "train/conf_loss": 1.9657264947891235, "train/cls_loss": 1.0810338258743286, "train/lr": 0.002487669562566682, "train/step": 403, "_timestamp": 1669269139.1226912, "_runtime": 118.97319626808167, "_step": 39, "_wandb": {"runtime": 119}}